{
    "علاوي": "علي",
    "عبوسي": "عباس",
    "فطومه": "فاطمة",
    "حمودي": "محمد",
    "حسوني": "حسن",
    "شهوده": "شهد",
    "رضاوي": "رضا",
    "رقاوي": "رقية",
    "شلونك": "انا بخير كيف حالك انت",
    "شتسوي": "ماذا تفعل",
    "صدك": "صحيح",
    "اي": "نعم",
    "شاذ": "مخنث",
    "كحبه": "عاهره",
    "نعال": "الحذاء",
    "مطي": "الحمار",
    "طيني": "اعطني",
    "احبج": "احبكي",
    "اشلون": "كيف",
    "شلون": "كيف",
    "شكو ماكو": "ما لاخبار",
    "بلكِت": "لعلّ",
    "شعليك": "ما علاقتك",
    "هواية": "كثيراً",
    "طسة": "مطبات الطريق",
    "ونسة": "الاستئناس",
    "خوش": "حسنا",
    "صوجك": "بسببك",
    "شَكَر": "السكر",
    "سيم": "سلك كهربائي",
    "هورن": "منبه السيارة",
    "طاسة": "قدح",
    "قريولة": "السرير",
    "سكملي": "الكرسي",
    "بزون": "قط",
    "بزونة": "الفطة",
    "خاشوكة": "ملعقة",
    "آغاتي": "سيدي",
    "العربنجي": "صاحب العربة",
    "كلاوجي": "يضحك على عقول الناس",
    "لوتي": "المحتال",
    "زيان": "حلاقة الرأس",
    "الطلي": "الخروف",
    "سُولة": "عادة",
    "زنكين": "غني",
    "تنكة": "الصفيحة المعدنية",
    "مخرگن": "ملخبطة أموره",
    "طلايب": "مشاكل ومصائب",
    "طِرن": "الغبي",
    "دوشك": "فراش",
    "جرباية": "سرير",
    "مُوطة": "المثلجات",
    "بنكة": "المروحة",
    "دعبلة": "الخرزة",
    "أثول": "الغبي",
    "مطيرجي": "مربي الطيور",
    "تاير": "اطار السيارة",
    "طربكة": "دوشة وصخب",
    "الدكمة": "زر القميص",
    "ترجية": "القرط للأذن",
    "الدرنفيس": "المفك الكهربائي",
    "باوع": "انظر",
    "تمن": "رز",
    "طرگاعة": "المصيبة الكبيرة",
    "جام": "الزجاج",
    "الدولمة": "طبق عراقي",
    "الرازونة": "فتحة الشباك",
    "قمصلة": "الجاكيت الشتوي",
    "صوندة": "خرطوم المياه المطاطي",
    "دشبول": "لوحة مفاتيح السيارة",
    "ولّي": "اذهب عن وجهي",
    "سجودي": "سجاد",
    "ليش": "لماذا",
    "زربه": "البراز",
    "ميخالف": "لايهم",
    "يمعود": "يا صاح",
    "يمعوده": "يافتاة",
    "لا تنيج": "لا تمارس الجنس",
    "تنيج": "تمارس الجنس",
    "x=x": "ya",
    "حبيبي": "عزيزي",
    "شكد": "كم",
    "شخبارك": "كيف حالك",
    "شالوضع": "ما الامر",
    "شقه": "المزح",
    "اتشاقه": "امزح",
    "كلبي": "قلبي",
    "تنكطع": "تنقطع",
    "اريدج": "اريدك",
    "اشتياكك": "اشتياقك",
    "يهزني": "يرعشني",
    "اتمنى": "اتمنئ",
    "اكلك": "اقول لك",
    "انجب": "اصمت",
    "عير": "قضيب",
    "عير بيك": "قضيبي بك",
    "خاب ما تنجب": "اصمت",
    "كلخرا": "اكل البراز",
    "شلونج": "كيفك",
    "شخبارج": "ما هي اخبارك",
    "احجي": "اتكلم",
    "حجي": "شيخ",
    "الحجي": "الشيخ",
    "تمام": "حسنا",
    "هيشه": "البقرة",
    "واديك": "والديك",
    "ماكو شي": "لم يحدث شيء",
    "زبي": "قضيبي",
    "هلو": "مرحبا",
    "اسكت": "اصمت",
    "وياك": "معاك",
    "يمك": "جنبك",
    "مرة لاخ": "مرة ثانية",
    "اطب": "ادخل",
    "فدشي": "ثمة شي",
    "مالتي": "الي",
    "شمرة": "ارمية",
    "الكف": "امسك",
    "عبالي": "كنت اضن",
    "وين": "اين",
    "شوكت": "متى",
    "شنو": "ماذا",
    "منو": "من",
    "المن": "لمن",
    "لعد": "اذا",
    "عليمن": "على ماذا",
    "هم": "لسه",
    "تعال": "ائتي",
    "روح": "اذهب",
    "كلمن": "اي شخص",
    "كول": "قل",
    "اكعد": "اجلس",
    "كوم": "انهض",
    "كلش": "جدا",
    "هواي": "كثيرا",
    "كلشي": "كل شيء",
    "شباج": "نافذة",
    "بردة": "ستارة",
    "لوري": "شاحنة",
    "كلوب": "مصباح",
    "جنطة": "حقيبة",
    "شفقة": "قبعة",
    "اكو": "يوجد",
    "مافي": "لا يوجد",
    "زين": "ممتاز",
    "هسة": "حالاا",
    "علمود": "حتى",
    "دز": "ارسل",
    "ذب": "ضع",
    "مساحة": "ممحاة",
    "بنطرون": "سروال",
    "خاولي": "منشفة",
    "مقطاطة": "مقطة",
    "درج": "سلم",
    "جوزة": "نقطة الكهرباء",
    "تيب": "شريط لاصق",
    "تلفيزيون": "تلفاز",
    "حايط": "جدار",
    "جا": "لعاد",
    "اعبر": "امشي",
    "خبصه": "ازدحام كبير",
    "هوشه": "مشكله",
    "خليت": "وضعت",
    "كونتر": "خزانة الملابس",
    "زولية": "سجادة",
    "الجطل": "شوكة الطعام",
    "سجين": "سكينة",
    "قوطية": "علبة",
    "تختال": "تتخبئ",
    "مدري": "لا اعلم",
    "شبيه": "ماذا به",
    "واهس": "رغبة",
    "معلعة": "مريضة",
    "شدسوي": "ماذا تفعل",
    "كليجة": "كعك العيد",
    "داطلي": "عوامه",
    "العايل": "المشكلجي",
    "نزته": "نرميه",
    "سولفته": "قصتة",
    "بنيه": "بنت",
    "تسودن": "يفقد العقل",
    "الزم": "تمسك",
    "خاش بالابريك": "متشدد ديني جدا",
    "منذ": "متى",
    "حديقه": "اعزب",
    "تكض": "لا تدعه يهرب",
    "بزونه": "قطة",
    "جاا": "اذا",
    "عكروك": "ضفدع",
    "ابو حصين": "الثعلب",
    "هايشه": "بقرة",
    "جلب": "كلب",
    "عيري": "قضيبي",
    "تكلي": "تقول لي",
    "انيجك": "مارس جنس معك بالغصب",
    "اني": "انا",
    "تايب": "تأيبا",
    "اخوي": "اخي",
    "صارلك": "حدث لك",
    "تلكه": "تحصل",
    "احسن منه": "افضل من عنده",
    "جيب": "اعطني",
    "الشسمه": "هذا",
    "الشسمة": "هذا",
    "كسمك": "مهبل والدتك",
    "دربونة": "الحارة فرعية ضيقة",
    "تانكي": "خزان الماه",
    "بسطال": "الحذاء العسكري ذو الرقبه الطويلة",
    "باغة": "بلاستيك",
    "ناصي": "منخفض",
    "كشخة": "اناقة",
    "دايخ": "لدي صداع",
    "اتكربست": "وقعت من السلم",
    "خشم": "الانف",
    "مصلاية": "سجادة الصلاة",
    "باجة": "راس خروف",
    "استكان": "قدح الشاي الصغير",
    "قاصة": "خزانة المال",
    "باجر": "غدا",
    "الطوبة": "الكرة",
    "فختاية": "الحمامة من الطيور",
    "شربت": "العصير",
    "شبينتو": "الاسمنت",
    "روزنامة": "التقويم سنوي او شهري",
    "دولكة": "دورق المياة",
    "جاكوج": "المطرقة",
    "ولي": "اغرب عن وجهي",
    "العرقجين": "القلنسوة الاسلامية",
    "طركاعة": "المصيبة الكبيرة",
    "صوبة": "المدفئة",
    "الثلاجة": "البراد الحفظ الطعام",
    "التوثية": "عصا الغليظة",
    "الطربكة": "دوشة و صخب",
    "رمشلي": "اجعل هاتفي يرن رنة واحدة لانتبة.",
    "جكمجة": "مكان الحفظ الذي توضع فيه الحاجات",
    "اثول": "الغبي",
    "ينيج": "يمارسون الجنس معة",
    "موطة": "المثلجات",
    "شحاطه": "الشبشب",
    "طرن": "الغبي",
    "مخركن": "ضياع الحال",
    "قنقينة": "الشخص اللحوح",
    "دير بالك": "احذر",
    "ديربالك": "انتبة على نفسك",
    "سيبندي": "الاخلاق الطيبة",
    "جرخجي": "الحارس ليلي",
    "ثنين": "اثنان",
    "ابو العيورة": "يا محب قضيب .",
    "العير": "القضيب",
    "نيجه": "اغتصبه",
    "يابه": "يا ابني",
    "كسج": "مهبلك",
    "كسها": "مهبلها",
    "كحيبه": "عاهره",
    "بربوك": "التنكة المشوقة(امراءه تزني)",
    "خرب": "العنة",
    "نعالي": "حذائي",
    "اذا انتة زين اني زين": "اذا انت بخير انا ايضا بخير",
    "شكد جلب": "كم انت كلب",
    "خاب دولي": "اغرب عن وجهي يا هذا",
    "مرحبا": "هلا",
    "كيفك": "انا بخير",
    "انا بنت": "اسف عن ذالك الخطاء"
}